ID,Prediction,Probability
0,0,0.0015902263
1,0,0.0015902263
2,0,0.0015902263
3,0,0.0015902263
4,0,0.0015902263
5,0,0.0015902263
6,0,0.0015902263
7,0,0.0015902263
8,0,0.0015902263
9,0,0.0015902263
